YEAR,AGE_GROUP,TYPE,AREA,UNIT
1999,141...,production,5.50,kha
1999,131...140,production,0.00,kha
1999,121...130,production,3.90,kha
1999,111...120,production,20.50,kha
1999,101...110,production,28.80,kha
1999,91...100,production,44.80,kha
1999,81...90,production,92.50,kha
1999,71...80,production,144.80,kha
1999,61...70,production,193.20,kha
1999,51...60,production,287.20,kha
1999,41...50,production,313.40,kha
1999,31...40,production,307.50,kha
1999,21...30,production,186.10,kha
1999,11...20,production,119.50,kha
1999,...10,production,103.80,kha
1999,unknown,production,79.40,kha
1999,clearcut,production,48.70,kha
1999,141...,protected,4.90,kha
1999,131...140,protected,5.20,kha
1999,121...130,protected,2.30,kha
1999,111...120,protected,3.40,kha
1999,101...110,protected,5.70,kha
1999,91...100,protected,9.20,kha
1999,81...90,protected,14.40,kha
1999,71...80,protected,17.10,kha
1999,61...70,protected,37.50,kha
1999,51...60,protected,33.90,kha
1999,41...50,protected,22.50,kha
1999,31...40,protected,18.10,kha
1999,21...30,protected,12.30,kha
1999,11...20,protected,8.10,kha
1999,...10,protected,8.00,kha
1999,unknown,protected,7.10,kha
1999,clearcut,protected,3.50,kha
2000,141...,production,9.00,kha
2000,131...140,production,2.80,kha
2000,121...130,production,3.60,kha
2000,111...120,production,25.20,kha
2000,101...110,production,25.70,kha
2000,91...100,production,65.00,kha
2000,81...90,production,106.70,kha
2000,71...80,production,164.60,kha
2000,61...70,production,220.30,kha
2000,51...60,production,293.30,kha
2000,41...50,production,307.30,kha
2000,31...40,production,274.80,kha
2000,21...30,production,173.30,kha
2000,11...20,production,132.70,kha
2000,...10,production,90.30,kha
2000,unknown,production,83.40,kha
2000,clearcut,production,55.40,kha
2000,141...,protected,5.50,kha
2000,131...140,protected,5.40,kha
2000,121...130,protected,4.50,kha
2000,111...120,protected,8.60,kha
2000,101...110,protected,6.70,kha
2000,91...100,protected,10.10,kha
2000,81...90,protected,16.10,kha
2000,71...80,protected,19.60,kha
2000,61...70,protected,35.90,kha
2000,51...60,protected,25.00,kha
2000,41...50,protected,21.80,kha
2000,31...40,protected,15.00,kha
2000,21...30,protected,12.30,kha
2000,11...20,protected,6.90,kha
2000,...10,protected,8.00,kha
2000,unknown,protected,5.70,kha
2000,clearcut,protected,2.80,kha
2001,141...,production,7.20,kha
2001,131...140,production,1.90,kha
2001,121...130,production,3.90,kha
2001,111...120,production,22.50,kha
2001,101...110,production,23.60,kha
2001,91...100,production,61.50,kha
2001,81...90,production,100.70,kha
2001,71...80,production,164.70,kha
2001,61...70,production,217.20,kha
2001,51...60,production,294.80,kha
2001,41...50,production,317.10,kha
2001,31...40,production,285.80,kha
2001,21...30,production,179.30,kha
2001,11...20,production,129.90,kha
2001,...10,production,82.70,kha
2001,unknown,production,89.90,kha
2001,clearcut,production,63.80,kha
2001,141...,protected,7.80,kha
2001,131...140,protected,3.90,kha
2001,121...130,protected,3.70,kha
2001,111...120,protected,9.70,kha
2001,101...110,protected,7.00,kha
2001,91...100,protected,8.90,kha
2001,81...90,protected,13.00,kha
2001,71...80,protected,17.90,kha
2001,61...70,protected,28.10,kha
2001,51...60,protected,20.10,kha
2001,41...50,protected,22.70,kha
2001,31...40,protected,15.60,kha
2001,21...30,protected,12.40,kha
2001,11...20,protected,5.70,kha
2001,...10,protected,5.80,kha
2001,unknown,protected,4.60,kha
2001,clearcut,protected,2.10,kha
2002,141...,production,7.30,kha
2002,131...140,production,2.60,kha
2002,121...130,production,5.20,kha
2002,111...120,production,20.50,kha
2002,101...110,production,27.40,kha
2002,91...100,production,56.10,kha
2002,81...90,production,98.90,kha
2002,71...80,production,164.60,kha
2002,61...70,production,216.10,kha
2002,51...60,production,288.90,kha
2002,41...50,production,309.00,kha
2002,31...40,production,278.50,kha
2002,21...30,production,178.10,kha
2002,11...20,production,133.50,kha
2002,...10,production,84.10,kha
2002,unknown,production,90.70,kha
2002,clearcut,production,65.60,kha
2002,141...,protected,7.70,kha
2002,131...140,protected,3.20,kha
2002,121...130,protected,3.90,kha
2002,111...120,protected,8.90,kha
2002,101...110,protected,8.50,kha
2002,91...100,protected,9.10,kha
2002,81...90,protected,13.80,kha
2002,71...80,protected,20.00,kha
2002,61...70,protected,27.30,kha
2002,51...60,protected,20.70,kha
2002,41...50,protected,21.80,kha
2002,31...40,protected,14.90,kha
2002,21...30,protected,12.10,kha
2002,11...20,protected,4.50,kha
2002,...10,protected,4.60,kha
2002,unknown,protected,4.80,kha
2002,clearcut,protected,2.10,kha
2003,141...,production,7.30,kha
2003,131...140,production,2.90,kha
2003,121...130,production,5.40,kha
2003,111...120,production,19.40,kha
2003,101...110,production,28.60,kha
2003,91...100,production,58.50,kha
2003,81...90,production,97.90,kha
2003,71...80,production,169.70,kha
2003,61...70,production,213.90,kha
2003,51...60,production,289.70,kha
2003,41...50,production,315.10,kha
2003,31...40,production,280.60,kha
2003,21...30,production,186.70,kha
2003,11...20,production,134.80,kha
2003,...10,production,92.30,kha
2003,unknown,production,90.30,kha
2003,clearcut,production,66.40,kha
2003,141...,protected,7.20,kha
2003,131...140,protected,3.10,kha
2003,121...130,protected,4.00,kha
2003,111...120,protected,8.90,kha
2003,101...110,protected,8.60,kha
2003,91...100,protected,10.70,kha
2003,81...90,protected,14.90,kha
2003,71...80,protected,21.20,kha
2003,61...70,protected,27.90,kha
2003,51...60,protected,23.30,kha
2003,41...50,protected,22.30,kha
2003,31...40,protected,15.00,kha
2003,21...30,protected,13.40,kha
2003,11...20,protected,4.50,kha
2003,...10,protected,4.30,kha
2003,unknown,protected,4.90,kha
2003,clearcut,protected,1.90,kha
2004,141...,production,7.20,kha
2004,131...140,production,3.80,kha
2004,121...130,production,6.80,kha
2004,111...120,production,18.50,kha
2004,101...110,production,30.20,kha
2004,91...100,production,66.90,kha
2004,81...90,production,98.20,kha
2004,71...80,production,176.30,kha
2004,61...70,production,213.10,kha
2004,51...60,production,288.60,kha
2004,41...50,production,312.00,kha
2004,31...40,production,263.60,kha
2004,21...30,production,183.90,kha
2004,11...20,production,140.50,kha
2004,...10,production,101.50,kha
2004,unknown,production,89.20,kha
2004,clearcut,production,68.40,kha
2004,141...,protected,9.40,kha
2004,131...140,protected,2.90,kha
2004,121...130,protected,5.00,kha
2004,111...120,protected,9.00,kha
2004,101...110,protected,9.10,kha
2004,91...100,protected,13.40,kha
2004,81...90,protected,15.20,kha
2004,71...80,protected,23.20,kha
2004,61...70,protected,30.10,kha
2004,51...60,protected,26.60,kha
2004,41...50,protected,24.60,kha
2004,31...40,protected,16.80,kha
2004,21...30,protected,13.60,kha
2004,11...20,protected,5.40,kha
2004,...10,protected,3.30,kha
2004,unknown,protected,4.20,kha
2004,clearcut,protected,1.70,kha
2005,141...,production,6.60,kha
2005,131...140,production,3.70,kha
2005,121...130,production,9.70,kha
2005,111...120,production,16.30,kha
2005,101...110,production,32.70,kha
2005,91...100,production,61.60,kha
2005,81...90,production,95.80,kha
2005,71...80,production,177.70,kha
2005,61...70,production,209.50,kha
2005,51...60,production,281.70,kha
2005,41...50,production,306.30,kha
2005,31...40,production,266.30,kha
2005,21...30,production,180.20,kha
2005,11...20,production,134.80,kha
2005,...10,production,109.10,kha
2005,unknown,production,89.80,kha
2005,clearcut,production,68.10,kha
2005,141...,protected,10.60,kha
2005,131...140,protected,3.60,kha
2005,121...130,protected,5.40,kha
2005,111...120,protected,7.50,kha
2005,101...110,protected,8.80,kha
2005,91...100,protected,15.00,kha
2005,81...90,protected,15.70,kha
2005,71...80,protected,24.00,kha
2005,61...70,protected,28.50,kha
2005,51...60,protected,29.10,kha
2005,41...50,protected,26.20,kha
2005,31...40,protected,19.20,kha
2005,21...30,protected,13.90,kha
2005,11...20,protected,5.30,kha
2005,...10,protected,2.40,kha
2005,unknown,protected,3.70,kha
2005,clearcut,protected,2.20,kha
2006,141...,production,7.30,kha
2006,131...140,production,4.30,kha
2006,121...130,production,11.80,kha
2006,111...120,production,17.10,kha
2006,101...110,production,37.90,kha
2006,91...100,production,65.50,kha
2006,81...90,production,97.10,kha
2006,71...80,production,180.50,kha
2006,61...70,production,207.70,kha
2006,51...60,production,282.80,kha
2006,41...50,production,300.60,kha
2006,31...40,production,255.70,kha
2006,21...30,production,176.20,kha
2006,11...20,production,134.40,kha
2006,...10,production,120.00,kha
2006,unknown,production,83.00,kha
2006,clearcut,production,65.30,kha
2006,141...,protected,10.80,kha
2006,131...140,protected,4.30,kha
2006,121...130,protected,5.50,kha
2006,111...120,protected,5.90,kha
2006,101...110,protected,8.50,kha
2006,91...100,protected,16.30,kha
2006,81...90,protected,15.50,kha
2006,71...80,protected,23.60,kha
2006,61...70,protected,29.40,kha
2006,51...60,protected,31.90,kha
2006,41...50,protected,25.00,kha
2006,31...40,protected,18.30,kha
2006,21...30,protected,12.60,kha
2006,11...20,protected,5.00,kha
2006,...10,protected,2.50,kha
2006,unknown,protected,4.20,kha
2006,clearcut,protected,2.20,kha
2007,141...,production,8.20,kha
2007,131...140,production,4.50,kha
2007,121...130,production,11.90,kha
2007,111...120,production,17.60,kha
2007,101...110,production,38.00,kha
2007,91...100,production,70.50,kha
2007,81...90,production,98.00,kha
2007,71...80,production,184.80,kha
2007,61...70,production,211.30,kha
2007,51...60,production,284.40,kha
2007,41...50,production,293.90,kha
2007,31...40,production,241.20,kha
2007,21...30,production,166.00,kha
2007,11...20,production,135.10,kha
2007,...10,production,128.80,kha
2007,unknown,production,80.20,kha
2007,clearcut,production,63.10,kha
2007,141...,protected,10.80,kha
2007,131...140,protected,5.00,kha
2007,121...130,protected,5.30,kha
2007,111...120,protected,6.40,kha
2007,101...110,protected,7.80,kha
2007,91...100,protected,18.20,kha
2007,81...90,protected,15.60,kha
2007,71...80,protected,23.40,kha
2007,61...70,protected,29.90,kha
2007,51...60,protected,33.60,kha
2007,41...50,protected,28.20,kha
2007,31...40,protected,17.00,kha
2007,21...30,protected,12.10,kha
2007,11...20,protected,5.90,kha
2007,...10,protected,3.10,kha
2007,unknown,protected,3.30,kha
2007,clearcut,protected,1.80,kha
2008,141...,production,8.20,kha
2008,131...140,production,5.60,kha
2008,121...130,production,14.00,kha
2008,111...120,production,18.60,kha
2008,101...110,production,37.90,kha
2008,91...100,production,68.30,kha
2008,81...90,production,99.20,kha
2008,71...80,production,179.00,kha
2008,61...70,production,215.80,kha
2008,51...60,production,279.30,kha
2008,41...50,production,286.80,kha
2008,31...40,production,230.10,kha
2008,21...30,production,152.90,kha
2008,11...20,production,129.60,kha
2008,...10,production,139.20,kha
2008,unknown,production,78.50,kha
2008,clearcut,production,63.60,kha
2008,141...,protected,10.80,kha
2008,131...140,protected,5.40,kha
2008,121...130,protected,5.70,kha
2008,111...120,protected,5.70,kha
2008,101...110,protected,8.60,kha
2008,91...100,protected,19.30,kha
2008,81...90,protected,15.60,kha
2008,71...80,protected,23.10,kha
2008,61...70,protected,28.30,kha
2008,51...60,protected,33.20,kha
2008,41...50,protected,26.00,kha
2008,31...40,protected,18.30,kha
2008,21...30,protected,9.10,kha
2008,11...20,protected,5.60,kha
2008,...10,protected,3.50,kha
2008,unknown,protected,2.80,kha
2008,clearcut,protected,1.60,kha
2009,141...,production,7.90,kha
2009,131...140,production,5.60,kha
2009,121...130,production,14.10,kha
2009,111...120,production,19.10,kha
2009,101...110,production,36.40,kha
2009,91...100,production,64.40,kha
2009,81...90,production,99.20,kha
2009,71...80,production,173.30,kha
2009,61...70,production,224.60,kha
2009,51...60,production,270.80,kha
2009,41...50,production,289.30,kha
2009,31...40,production,231.20,kha
2009,21...30,production,154.70,kha
2009,11...20,production,127.70,kha
2009,...10,production,135.70,kha
2009,unknown,production,79.60,kha
2009,clearcut,production,61.10,kha
2009,141...,protected,9.00,kha
2009,131...140,protected,5.20,kha
2009,121...130,protected,5.10,kha
2009,111...120,protected,6.20,kha
2009,101...110,protected,8.30,kha
2009,91...100,protected,20.40,kha
2009,81...90,protected,15.50,kha
2009,71...80,protected,25.20,kha
2009,61...70,protected,29.50,kha
2009,51...60,protected,31.20,kha
2009,41...50,protected,27.60,kha
2009,31...40,protected,16.30,kha
2009,21...30,protected,9.50,kha
2009,11...20,protected,5.00,kha
2009,...10,protected,3.30,kha
2009,unknown,protected,2.80,kha
2009,clearcut,protected,1.90,kha
2010,141...,production,8.20,kha
2010,131...140,production,5.40,kha
2010,121...130,production,15.30,kha
2010,111...120,production,18.20,kha
2010,101...110,production,37.60,kha
2010,91...100,production,70.10,kha
2010,81...90,production,101.00,kha
2010,71...80,production,169.90,kha
2010,61...70,production,223.00,kha
2010,51...60,production,264.80,kha
2010,41...50,production,298.90,kha
2010,31...40,production,228.20,kha
2010,21...30,production,158.60,kha
2010,11...20,production,134.90,kha
2010,...10,production,138.60,kha
2010,unknown,production,78.40,kha
2010,clearcut,production,58.50,kha
2010,141...,protected,8.60,kha
2010,131...140,protected,4.90,kha
2010,121...130,protected,5.00,kha
2010,111...120,protected,6.60,kha
2010,101...110,protected,8.40,kha
2010,91...100,protected,19.90,kha
2010,81...90,protected,13.90,kha
2010,71...80,protected,25.80,kha
2010,61...70,protected,29.40,kha
2010,51...60,protected,29.30,kha
2010,41...50,protected,26.10,kha
2010,31...40,protected,14.20,kha
2010,21...30,protected,7.50,kha
2010,11...20,protected,5.60,kha
2010,...10,protected,3.00,kha
2010,unknown,protected,2.70,kha
2010,clearcut,protected,1.30,kha
2011,141...,production,8.60,kha
2011,131...140,production,6.30,kha
2011,121...130,production,14.20,kha
2011,111...120,production,15.10,kha
2011,101...110,production,35.30,kha
2011,91...100,production,66.30,kha
2011,81...90,production,100.80,kha
2011,71...80,production,170.30,kha
2011,61...70,production,238.10,kha
2011,51...60,production,258.30,kha
2011,41...50,production,295.30,kha
2011,31...40,production,220.50,kha
2011,21...30,production,154.40,kha
2011,11...20,production,140.50,kha
2011,...10,production,142.70,kha
2011,unknown,production,82.80,kha
2011,clearcut,production,57.90,kha
2011,141...,protected,8.60,kha
2011,131...140,protected,4.50,kha
2011,121...130,protected,5.80,kha
2011,111...120,protected,6.70,kha
2011,101...110,protected,8.80,kha
2011,91...100,protected,19.50,kha
2011,81...90,protected,14.90,kha
2011,71...80,protected,29.30,kha
2011,61...70,protected,32.60,kha
2011,51...60,protected,32.50,kha
2011,41...50,protected,27.60,kha
2011,31...40,protected,14.20,kha
2011,21...30,protected,8.80,kha
2011,11...20,protected,6.20,kha
2011,...10,protected,3.20,kha
2011,unknown,protected,2.30,kha
2011,clearcut,protected,1.40,kha
2012,141...,production,7.50,kha
2012,131...140,production,6.40,kha
2012,121...130,production,14.30,kha
2012,111...120,production,15.10,kha
2012,101...110,production,33.60,kha
2012,91...100,production,62.70,kha
2012,81...90,production,100.20,kha
2012,71...80,production,169.60,kha
2012,61...70,production,245.60,kha
2012,51...60,production,249.40,kha
2012,41...50,production,287.00,kha
2012,31...40,production,223.60,kha
2012,21...30,production,156.30,kha
2012,11...20,production,150.10,kha
2012,...10,production,141.30,kha
2012,unknown,production,82.70,kha
2012,clearcut,production,60.80,kha
2012,141...,protected,10.20,kha
2012,131...140,protected,4.70,kha
2012,121...130,protected,6.50,kha
2012,111...120,protected,7.60,kha
2012,101...110,protected,9.10,kha
2012,91...100,protected,18.20,kha
2012,81...90,protected,17.20,kha
2012,71...80,protected,29.80,kha
2012,61...70,protected,37.70,kha
2012,51...60,protected,31.20,kha
2012,41...50,protected,30.20,kha
2012,31...40,protected,17.40,kha
2012,21...30,protected,10.00,kha
2012,11...20,protected,5.90,kha
2012,...10,protected,3.20,kha
2012,unknown,protected,2.40,kha
2012,clearcut,protected,1.80,kha
2013,141...,production,7.80,kha
2013,131...140,production,6.20,kha
2013,121...130,production,12.90,kha
2013,111...120,production,15.80,kha
2013,101...110,production,33.30,kha
2013,91...100,production,63.20,kha
2013,81...90,production,99.10,kha
2013,71...80,production,169.10,kha
2013,61...70,production,247.20,kha
2013,51...60,production,249.80,kha
2013,41...50,production,280.40,kha
2013,31...40,production,221.90,kha
2013,21...30,production,153.50,kha
2013,11...20,production,166.80,kha
2013,...10,production,136.50,kha
2013,unknown,production,84.50,kha
2013,clearcut,production,62.40,kha
2013,141...,protected,11.20,kha
2013,131...140,protected,5.10,kha
2013,121...130,protected,6.60,kha
2013,111...120,protected,7.50,kha
2013,101...110,protected,9.20,kha
2013,91...100,protected,18.50,kha
2013,81...90,protected,19.10,kha
2013,71...80,protected,32.10,kha
2013,61...70,protected,40.80,kha
2013,51...60,protected,31.90,kha
2013,41...50,protected,31.50,kha
2013,31...40,protected,16.90,kha
2013,21...30,protected,11.00,kha
2013,11...20,protected,7.90,kha
2013,...10,protected,2.70,kha
2013,unknown,protected,3.30,kha
2013,clearcut,protected,2.40,kha
2014,141...,production,8.40,kha
2014,131...140,production,7.50,kha
2014,121...130,production,12.00,kha
2014,111...120,production,16.50,kha
2014,101...110,production,37.60,kha
2014,91...100,production,64.60,kha
2014,81...90,production,104.50,kha
2014,71...80,production,175.10,kha
2014,61...70,production,240.20,kha
2014,51...60,production,251.60,kha
2014,41...50,production,265.50,kha
2014,31...40,production,224.10,kha
2014,21...30,production,146.80,kha
2014,11...20,production,183.20,kha
2014,...10,production,144.10,kha
2014,unknown,production,87.70,kha
2014,clearcut,production,66.60,kha
2014,141...,protected,13.10,kha
2014,131...140,protected,5.40,kha
2014,121...130,protected,7.80,kha
2014,111...120,protected,7.90,kha
2014,101...110,protected,11.00,kha
2014,91...100,protected,18.40,kha
2014,81...90,protected,21.80,kha
2014,71...80,protected,30.80,kha
2014,61...70,protected,38.10,kha
2014,51...60,protected,30.40,kha
2014,41...50,protected,30.70,kha
2014,31...40,protected,18.60,kha
2014,21...30,protected,9.90,kha
2014,11...20,protected,7.30,kha
2014,...10,protected,3.00,kha
2014,unknown,protected,2.90,kha
2014,clearcut,protected,2.10,kha
2015,141...,production,8.10,kha
2015,131...140,production,9.20,kha
2015,121...130,production,8.40,kha
2015,111...120,production,18.40,kha
2015,101...110,production,35.40,kha
2015,91...100,production,62.20,kha
2015,81...90,production,104.40,kha
2015,71...80,production,171.20,kha
2015,61...70,production,237.00,kha
2015,51...60,production,253.10,kha
2015,41...50,production,248.40,kha
2015,31...40,production,214.60,kha
2015,21...30,production,149.00,kha
2015,11...20,production,192.60,kha
2015,...10,production,153.00,kha
2015,unknown,production,89.60,kha
2015,clearcut,production,67.80,kha
2015,141...,protected,14.60,kha
2015,131...140,protected,6.50,kha
2015,121...130,protected,7.10,kha
2015,111...120,protected,9.60,kha
2015,101...110,protected,13.00,kha
2015,91...100,protected,18.80,kha
2015,81...90,protected,23.70,kha
2015,71...80,protected,33.00,kha
2015,61...70,protected,41.20,kha
2015,51...60,protected,34.00,kha
2015,41...50,protected,33.70,kha
2015,31...40,protected,23.10,kha
2015,21...30,protected,11.30,kha
2015,11...20,protected,8.80,kha
2015,...10,protected,3.60,kha
2015,unknown,protected,4.10,kha
2015,clearcut,protected,2.10,kha
2016,141...,production,7.80,kha
2016,131...140,production,9.10,kha
2016,121...130,production,7.10,kha
2016,111...120,production,20.30,kha
2016,101...110,production,35.60,kha
2016,91...100,production,63.10,kha
2016,81...90,production,106.50,kha
2016,71...80,production,165.50,kha
2016,61...70,production,229.40,kha
2016,51...60,production,248.00,kha
2016,41...50,production,233.90,kha
2016,31...40,production,206.90,kha
2016,21...30,production,149.70,kha
2016,11...20,production,197.10,kha
2016,...10,production,155.20,kha
2016,unknown,production,89.00,kha
2016,clearcut,production,74.40,kha
2016,141...,protected,15.20,kha
2016,131...140,protected,7.10,kha
2016,121...130,protected,6.50,kha
2016,111...120,protected,11.70,kha
2016,101...110,protected,14.50,kha
2016,91...100,protected,20.50,kha
2016,81...90,protected,25.30,kha
2016,71...80,protected,35.40,kha
2016,61...70,protected,44.30,kha
2016,51...60,protected,37.40,kha
2016,41...50,protected,35.40,kha
2016,31...40,protected,28.00,kha
2016,21...30,protected,12.50,kha
2016,11...20,protected,9.90,kha
2016,...10,protected,4.20,kha
2016,unknown,protected,4.70,kha
2016,clearcut,protected,2.30,kha
2017,141...,production,8.30,kha
2017,131...140,production,9.40,kha
2017,121...130,production,7.90,kha
2017,111...120,production,20.40,kha
2017,101...110,production,35.20,kha
2017,91...100,production,65.10,kha
2017,81...90,production,107.30,kha
2017,71...80,production,161.40,kha
2017,61...70,production,216.90,kha
2017,51...60,production,238.70,kha
2017,41...50,production,234.00,kha
2017,31...40,production,201.70,kha
2017,21...30,production,153.90,kha
2017,11...20,production,198.50,kha
2017,...10,production,158.40,kha
2017,unknown,production,92.80,kha
2017,clearcut,production,72.60,kha
2017,141...,protected,17.40,kha
2017,131...140,protected,8.40,kha
2017,121...130,protected,8.10,kha
2017,111...120,protected,11.60,kha
2017,101...110,protected,16.10,kha
2017,91...100,protected,22.30,kha
2017,81...90,protected,27.70,kha
2017,71...80,protected,42.10,kha
2017,61...70,protected,47.20,kha
2017,51...60,protected,43.30,kha
2017,41...50,protected,35.90,kha
2017,31...40,protected,30.60,kha
2017,21...30,protected,13.60,kha
2017,11...20,protected,12.00,kha
2017,...10,protected,4.40,kha
2017,unknown,protected,4.90,kha
2017,clearcut,protected,3.00,kha
2018,141...,production,9.70,kha
2018,131...140,production,10.10,kha
2018,121...130,production,9.80,kha
2018,111...120,production,22.00,kha
2018,101...110,production,35.40,kha
2018,91...100,production,67.00,kha
2018,81...90,production,113.00,kha
2018,71...80,production,171.60,kha
2018,61...70,production,216.90,kha
2018,51...60,production,234.60,kha
2018,41...50,production,231.40,kha
2018,31...40,production,195.50,kha
2018,21...30,production,162.20,kha
2018,11...20,production,204.60,kha
2018,...10,production,163.40,kha
2018,unknown,production,99.90,kha
2018,clearcut,production,76.40,kha
2018,141...,protected,16.80,kha
2018,131...140,protected,7.90,kha
2018,121...130,protected,7.10,kha
2018,111...120,protected,10.50,kha
2018,101...110,protected,14.30,kha
2018,91...100,protected,20.20,kha
2018,81...90,protected,23.80,kha
2018,71...80,protected,34.50,kha
2018,61...70,protected,40.90,kha
2018,51...60,protected,38.10,kha
2018,41...50,protected,33.80,kha
2018,31...40,protected,26.40,kha
2018,21...30,protected,13.60,kha
2018,11...20,protected,9.80,kha
2018,...10,protected,4.40,kha
2018,unknown,protected,2.70,kha
2018,clearcut,protected,3.20,kha
2019,141...,production,11.10,kha
2019,131...140,production,9.90,kha
2019,121...130,production,11.50,kha
2019,111...120,production,23.80,kha
2019,101...110,production,33.80,kha
2019,91...100,production,67.10,kha
2019,81...90,production,108.20,kha
2019,71...80,production,166.20,kha
2019,61...70,production,213.90,kha
2019,51...60,production,225.30,kha
2019,41...50,production,226.00,kha
2019,31...40,production,184.90,kha
2019,21...30,production,168.50,kha
2019,11...20,production,203.20,kha
2019,...10,production,167.30,kha
2019,unknown,production,104.70,kha
2019,clearcut,production,79.10,kha
2019,141...,protected,17.20,kha
2019,131...140,protected,9.80,kha
2019,121...130,protected,8.00,kha
2019,111...120,protected,12.00,kha
2019,101...110,protected,15.00,kha
2019,91...100,protected,19.40,kha
2019,81...90,protected,26.30,kha
2019,71...80,protected,39.70,kha
2019,61...70,protected,42.40,kha
2019,51...60,protected,40.00,kha
2019,41...50,protected,32.40,kha
2019,31...40,protected,28.30,kha
2019,21...30,protected,15.60,kha
2019,11...20,protected,11.10,kha
2019,...10,protected,4.50,kha
2019,unknown,protected,4.50,kha
2019,clearcut,protected,2.40,kha
2020,141...,production,11.60,kha
2020,131...140,production,10.00,kha
2020,121...130,production,11.30,kha
2020,111...120,production,23.60,kha
2020,101...110,production,33.80,kha
2020,91...100,production,64.40,kha
2020,81...90,production,106.20,kha
2020,71...80,production,165.30,kha
2020,61...70,production,204.20,kha
2020,51...60,production,216.10,kha
2020,41...50,production,212.30,kha
2020,31...40,production,177.80,kha
2020,21...30,production,171.90,kha
2020,11...20,production,202.40,kha
2020,...10,production,172.00,kha
2020,unknown,production,111.60,kha
2020,clearcut,production,85.30,kha
2020,141...,protected,17.40,kha
2020,131...140,protected,9.60,kha
2020,121...130,protected,9.30,kha
2020,111...120,protected,13.70,kha
2020,101...110,protected,17.70,kha
2020,91...100,protected,21.80,kha
2020,81...90,protected,29.10,kha
2020,71...80,protected,41.30,kha
2020,61...70,protected,42.10,kha
2020,51...60,protected,40.90,kha
2020,41...50,protected,32.20,kha
2020,31...40,protected,28.20,kha
2020,21...30,protected,17.60,kha
2020,11...20,protected,10.80,kha
2020,...10,protected,5.90,kha
2020,unknown,protected,4.40,kha
2020,clearcut,protected,3.50,kha
2021,141...,production,10.50,kha
2021,131...140,production,9.30,kha
2021,121...130,production,10.60,kha
2021,111...120,production,22.00,kha
2021,101...110,production,29.90,kha
2021,91...100,production,60.60,kha
2021,81...90,production,97.80,kha
2021,71...80,production,155.50,kha
2021,61...70,production,188.00,kha
2021,51...60,production,202.80,kha
2021,41...50,production,197.00,kha
2021,31...40,production,175.10,kha
2021,21...30,production,176.80,kha
2021,11...20,production,201.20,kha
2021,...10,production,183.10,kha
2021,unknown,production,118.70,kha
2021,clearcut,production,79.10,kha
2021,141...,protected,20.60,kha
2021,131...140,protected,11.00,kha
2021,121...130,protected,12.00,kha
2021,111...120,protected,17.20,kha
2021,101...110,protected,21.40,kha
2021,91...100,protected,27.40,kha
2021,81...90,protected,37.90,kha
2021,71...80,protected,51.10,kha
2021,61...70,protected,50.60,kha
2021,51...60,protected,44.60,kha
2021,41...50,protected,37.40,kha
2021,31...40,protected,29.40,kha
2021,21...30,protected,18.70,kha
2021,11...20,protected,11.30,kha
2021,...10,protected,7.10,kha
2021,unknown,protected,6.00,kha
2021,clearcut,protected,4.00,kha
2022,141...,production,10.00,kha
2022,131...140,production,8.00,kha
2022,121...130,production,9.40,kha
2022,111...120,production,21.40,kha
2022,101...110,production,28.00,kha
2022,91...100,production,57.10,kha
2022,81...90,production,95.90,kha
2022,71...80,production,151.30,kha
2022,61...70,production,183.60,kha
2022,51...60,production,199.80,kha
2022,41...50,production,184.10,kha
2022,31...40,production,173.80,kha
2022,21...30,production,186.50,kha
2022,11...20,production,196.60,kha
2022,...10,production,196.40,kha
2022,unknown,production,121.70,kha
2022,clearcut,production,79.70,kha
2022,141...,protected,22.60,kha
2022,131...140,protected,11.70,kha
2022,121...130,protected,12.80,kha
2022,111...120,protected,19.00,kha
2022,101...110,protected,21.60,kha
2022,91...100,protected,30.30,kha
2022,81...90,protected,40.50,kha
2022,71...80,protected,53.20,kha
2022,61...70,protected,51.30,kha
2022,51...60,protected,44.70,kha
2022,41...50,protected,35.40,kha
2022,31...40,protected,27.80,kha
2022,21...30,protected,18.90,kha
2022,11...20,protected,11.30,kha
2022,...10,protected,8.30,kha
2022,unknown,protected,7.20,kha
2022,clearcut,protected,5.20,kha
2023,141...,production,11.20,kha
2023,131...140,production,8.40,kha
2023,121...130,production,8.40,kha
2023,111...120,production,21.10,kha
2023,101...110,production,30.10,kha
2023,91...100,production,57.70,kha
2023,81...90,production,89.90,kha
2023,71...80,production,148.50,kha
2023,61...70,production,180.40,kha
2023,51...60,production,195.60,kha
2023,41...50,production,178.70,kha
2023,31...40,production,174.40,kha
2023,21...30,production,194.40,kha
2023,11...20,production,193.50,kha
2023,...10,production,210.80,kha
2023,unknown,production,123.80,kha
2023,clearcut,production,77.70,kha
2023,141...,protected,24.20,kha
2023,131...140,protected,11.10,kha
2023,121...130,protected,13.70,kha
2023,111...120,protected,20.40,kha
2023,101...110,protected,22.90,kha
2023,91...100,protected,32.60,kha
2023,81...90,protected,43.10,kha
2023,71...80,protected,56.80,kha
2023,61...70,protected,51.80,kha
2023,51...60,protected,44.10,kha
2023,41...50,protected,35.10,kha
2023,31...40,protected,26.60,kha
2023,21...30,protected,17.70,kha
2023,11...20,protected,11.10,kha
2023,...10,protected,7.90,kha
2023,unknown,protected,6.60,kha
2023,clearcut,protected,4.00,kha
